BEGIN TRANSACTION;
CREATE TABLE IF NOT EXISTS "Reviewer" (
	"rID"	INTEGER NOT NULL UNIQUE,
	"Name"	TEXT NOT NULL,
	PRIMARY KEY("rID" AUTOINCREMENT)
);
CREATE TABLE IF NOT EXISTS "Movie" (
	"mID"	INTEGER NOT NULL UNIQUE,
	"title"	TEXT NOT NULL,
	"year"	INTEGER NOT NULL,
	"director"	TEXT,
	PRIMARY KEY("mID" AUTOINCREMENT)
);
CREATE TABLE IF NOT EXISTS "Rating" (
	"rID"	INTEGER NOT NULL,
	"mID"	INTEGER NOT NULL,
	"stars"	INTEGER NOT NULL,
	"ratingDate"	TEXT,
	FOREIGN KEY("rID") REFERENCES "Reviewer"("rID"),
	FOREIGN KEY("mID") REFERENCES "Movie"("mID")
);
INSERT INTO "Reviewer" VALUES (201,'Sarah Martinez');
INSERT INTO "Reviewer" VALUES (202,'Daniel Lewis');
INSERT INTO "Reviewer" VALUES (203,'Brittany Harris');
INSERT INTO "Reviewer" VALUES (204,'Mike Anderson');
INSERT INTO "Reviewer" VALUES (205,'Chris Jackson');
INSERT INTO "Reviewer" VALUES (206,'Elizabeth Thomas');
INSERT INTO "Reviewer" VALUES (207,'James Cameron');
INSERT INTO "Reviewer" VALUES (208,'Ashley White');
INSERT INTO "Movie" VALUES (101,'Gone with the Wind',2020,'Robert Weide');
INSERT INTO "Movie" VALUES (102,'Star Wars',2020,'Robert Weide');
INSERT INTO "Movie" VALUES (103,'The sound of music',2020,'Robert Weide');
INSERT INTO "Movie" VALUES (104,'E.T.',2020,'Robert Weide');
INSERT INTO "Movie" VALUES (105,'Titanic',2020,'Robert Weide');
INSERT INTO "Movie" VALUES (106,'Snow White',2020,'Robert Weide');
INSERT INTO "Movie" VALUES (107,'Avatar',2020,'Robert Weide');
INSERT INTO "Movie" VALUES (108,'Raiders of the Lost Ark',2020,'Robert Weide');
INSERT INTO "Movie" VALUES (109,'The Dark Knight',2020,'Robert Weide');
INSERT INTO "Rating" VALUES (201,101,9,'2011-01-22');
INSERT INTO "Rating" VALUES (201,101,9,'2011-01-27');
INSERT INTO "Rating" VALUES (203,103,2,'2011-01-20');
INSERT INTO "Rating" VALUES (204,101,9,'2011-01-09');
INSERT INTO "Rating" VALUES (202,106,4,NULL);
INSERT INTO "Rating" VALUES (203,108,4,'2011-01-12');
INSERT INTO "Rating" VALUES (203,108,2,'2011-01-30');
INSERT INTO "Rating" VALUES (205,103,3,'2011-01-27');
INSERT INTO "Rating" VALUES (205,104,2,'2011-01-22');
INSERT INTO "Rating" VALUES (205,108,4,NULL);
INSERT INTO "Rating" VALUES (206,106,5,'2011-01-19');
INSERT INTO "Rating" VALUES (207,107,5,'2011-01-20');
INSERT INTO "Rating" VALUES (208,104,3,'2011-01-02');
INSERT INTO "Rating" VALUES (207,109,10,NULL);
COMMIT;
