BEGIN TRANSACTION;
CREATE TABLE IF NOT EXISTS "Reviewer" (
	"rID"	INTEGER NOT NULL,
	"name"	INTEGER,
	PRIMARY KEY("rID" AUTOINCREMENT)
);
CREATE TABLE IF NOT EXISTS "Movie" (
	"mID"	INTEGER NOT NULL,
	"title"	TEXT NOT NULL,
	"year"	INTEGER,
	"director"	TEXT,
	PRIMARY KEY("mID" AUTOINCREMENT)
);
CREATE TABLE IF NOT EXISTS "Rating" (
	"mID"	INTEGER NOT NULL,
	"rID"	INTEGER NOT NULL,
	"stars"	INTEGER NOT NULL,
	"ratingDate"	INTEGER,
	PRIMARY KEY("mID","rID","ratingDate","stars"),
	FOREIGN KEY("mID") REFERENCES "Movie"("mID"),
	FOREIGN KEY("rID") REFERENCES "Reviewer"("rID")
);
INSERT INTO "Reviewer" VALUES (201,'Sarah Martinez');
INSERT INTO "Reviewer" VALUES (202,'Daniel Lewis');
INSERT INTO "Reviewer" VALUES (203,'Brittany Harris');
INSERT INTO "Reviewer" VALUES (204,'Mike Anderson');
INSERT INTO "Reviewer" VALUES (205,'Chris Jackson');
INSERT INTO "Reviewer" VALUES (206,'Elizabeth Thomas');
INSERT INTO "Reviewer" VALUES (207,'James Cameron');
INSERT INTO "Reviewer" VALUES (208,'Ashley White');
INSERT INTO "Movie" VALUES (101,'Gone with the Wind',1939,'Victor Fleming');
INSERT INTO "Movie" VALUES (102,'Star Wars',1977,'George Lucas');
INSERT INTO "Movie" VALUES (103,'The Sound of Music',1965,'Robert Wise');
INSERT INTO "Movie" VALUES (104,'E.T.',1982,'Steven Spielberg');
INSERT INTO "Movie" VALUES (105,'Titanic',1997,'James Cameron');
INSERT INTO "Movie" VALUES (106,'Snow White',1937,'<null>');
INSERT INTO "Movie" VALUES (107,'Avatar',2009,'James Cameron');
INSERT INTO "Movie" VALUES (108,'Raiders of the Lost Ark
',1981,'Steven Spielberg');
INSERT INTO "Rating" VALUES (101,201,2,'2011-01-22');
INSERT INTO "Rating" VALUES (101,201,4,'2011-01-27');
INSERT INTO "Rating" VALUES (106,202,4,NULL);
INSERT INTO "Rating" VALUES (103,203,2,'2011-01-20');
INSERT INTO "Rating" VALUES (108,203,4,'2011-01-12');
INSERT INTO "Rating" VALUES (108,203,2,'2011-01-30');
INSERT INTO "Rating" VALUES (101,204,3,'2011-01-09');
INSERT INTO "Rating" VALUES (104,205,2,'2011-01-27');
INSERT INTO "Rating" VALUES (104,205,2,'2011-01-22');
INSERT INTO "Rating" VALUES (107,206,3,'2011-01-15');
INSERT INTO "Rating" VALUES (106,206,5,'2011-01-19');
INSERT INTO "Rating" VALUES (107,207,5,'2011-01-20');
INSERT INTO "Rating" VALUES (104,208,3,'2011-01-02');
INSERT INTO "Rating" VALUES (108,205,4,NULL);
COMMIT;
